DS,Dx,GIMME,iMAT,INIT,FASTCORE
EMTAB37,"x1A2_Burkitt_Lymphoma",184,154,183,147
EMTAB37,"x22Rv1_Prostate_Carcinoma",179,149,179,148
EMTAB37,"x5637_Bladder_Carcinoma",179,157,181,152
EMTAB37,"x639V_Bladder_Carcinoma",182,156,182,151
EMTAB37,"x647V_Bladder_Carcinoma",179,154,180,150
EMTAB37,"x769P_Kidney_Carcinoma",182,150,184,150
EMTAB37,"A101D_Skin_Melanoma",178,152,181,150
EMTAB37,"A172_Brain_Brain_Glioblastoma",175,156,180,156
EMTAB37,"A204_Muscle_Rhabdomyosarcoma",180,150,182,146
EMTAB37,"A375_Skin_Melanoma",180,153,181,149
EMTAB37,"A427_Lung_Carcinoma",184,156,184,156
EMTAB37,"A498_Kidney_Carcinoma",185,159,186,153
EMTAB37,"A673_Muscle_Rhabdomyosarcoma",181,151,181,146
EMTAB37,"A7_Skin_Melanoma",180,155,181,155
EMTAB37,"ACHN_Kidney_Carcinoma",183,156,184,155
EMTAB37,"AGS_Stomach_Carcinoma",178,152,180,147
EMTAB37,"AN3CA_Uterus_Carcinoma",179,153,180,148
EMTAB37,"ARH77_Plasma_Cell_Myeloma",182,152,181,152
EMTAB37,"AsPC1_Pancreas_Carcinoma",174,151,177,151
EMTAB37,"BC1_B_Cell_Neoplasm",180,157,180,152
EMTAB37,"BC2_B_Cell_Neoplasm",180,148,182,147
EMTAB37,"BC3_B_Cell_Neoplasm",181,153,182,149
EMTAB37,"BDCM_Acute_Myeloid_Leukemia",181,158,182,150
EMTAB37,"BE2C_Brain_Neuroblastoma",179,156,181,158
EMTAB37,"BFTC905_Bladder_Carcinoma",181,151,181,148
EMTAB37,"BHT101_Thyroid_gland_Carcinoma",187,158,187,151
EMTAB37,"BM1604_Prostate_Carcinoma",184,157,185,152
EMTAB37,"BT20_Breast_Carcinoma",175,151,179,148
EMTAB37,"BT474_Breast_Carcinoma",172,144,175,141
EMTAB37,"BV173_Blast_Phase_Chronic_Myelogenous_Leukemia",181,151,183,147
EMTAB37,"BeWo_Placenta_Choriocarcinoma",182,155,181,148
EMTAB37,"C32TG_Skin_Amelanotic_Skin_Melanoma",176,155,180,152
EMTAB37,"C33A_Cervix_Uteri_Carcinoma",182,149,183,146
EMTAB37,"C3A_Liver_Carcinoma",178,139,181,133
EMTAB37,"C4I_Cervix_Uteri_Carcinoma",183,154,182,152
EMTAB37,"C4II_Cervix_Uteri_Carcinoma",173,158,177,158
EMTAB37,"CA46_Burkitt_Lymphoma",177,157,181,152
EMTAB37,"CAL54_Kidney_Carcinoma",177,152,179,145
EMTAB37,"CAL62_Thyroid_gland_Carcinoma",182,159,183,155
EMTAB37,"CCFSTTG1_Central_Nervous_System_Astrocytoma",175,156,179,156
EMTAB37,"CCRFCEM_Acute_T_Cell_Lymphoblastic_Leukemia",180,162,182,155
EMTAB37,"CEMC1_Acute_T_Cell_Lymphoblastic_Leukemia",182,154,183,150
EMTAB37,"CESS_Acute_Myeloid_Leukemia",180,156,179,154
EMTAB37,"CGTHW1_Thyroid_gland_Carcinoma",183,157,186,152
EMTAB37,"CHL1_Skin_Melanoma",180,158,180,154
EMTAB37,"CHP212_Brain_Neuroblastoma",181,148,183,152
EMTAB37,"CMLT1_Blast_Phase_Chronic_Myelogenous_Leukemia",179,164,181,158
EMTAB37,"COLO201_Colon_Carcinoma",180,157,182,158
EMTAB37,"COLO320DM_Lung_Colorectal_Adenocarcinoma",181,153,181,150
EMTAB37,"COLO320HSR_Colon_Carcinoma",179,151,179,149
EMTAB37,"COLO668_Lung_Colorectal_Adenocarcinoma",182,148,182,144
EMTAB37,"COLO704_Ovary_Adenocarcinoma",180,158,182,157
EMTAB37,"COLO829_Skin_Melanoma",179,151,182,147
EMTAB37,"CORL105_Lung_Lung_Adenocarcinoma",180,163,183,156
EMTAB37,"CORL23_Lung_Lung_Carcinoma",183,165,184,154
EMTAB37,"CORL279_Lung_Lung_Carcinoma",180,160,181,158
EMTAB37,"CORL88_Lung_Lung_Carcinoma",177,148,178,150
EMTAB37,"CROAP2_B_Cell_Neoplasm",180,155,181,151
EMTAB37,"CROAP5_B_Cell_Neoplasm",179,152,180,145
EMTAB37,"CaHPV10_Prostate_Adenocarcinoma",183,148,184,152
EMTAB37,"CaOv3_Ovary_Carcinoma",182,151,181,148
EMTAB37,"Caki1_Kidney_Carcinoma",182,156,185,150
EMTAB37,"Caki2_Kidney_Choriocarcinoma",182,152,183,150
EMTAB37,"Calu1_Lung_Squamous_Cell_Carcinoma",182,164,184,158
EMTAB37,"Calu6_Lung_Anaplastic_Carcinoma",180,157,184,153
EMTAB37,"Capan1_Pancreas_Carcinoma",181,154,182,154
EMTAB37,"Capan2_Pancreas_Adenocarcinoma",179,150,178,149
EMTAB37,"ChaGoK1_Lung_Bronchogenic_Carcinoma",177,154,180,151
EMTAB37,"D283Med_Central_Nervous_System_Medulloblastoma",180,150,182,150
EMTAB37,"D341Med_Brain_Medulloblastoma",180,158,182,154
EMTAB37,"DB_B_Cell_Neoplasm",183,154,182,148
EMTAB37,"DBTRG05MG_Central_Nervous_System_Glioblastoma",182,158,183,153
EMTAB37,"DG75_Burkitt_Lymphoma",182,161,183,154
EMTAB37,"DKMG_Central_Nervous_System_Glioblastoma",185,163,185,156
EMTAB37,"DMS114_Lung_Small_Cell_Lung_Carcinoma",179,155,181,149
EMTAB37,"DMS153_Lung_Small_Cell_Lung_Carcinoma",179,156,181,154
EMTAB37,"DMS273_Lung_Small_Cell_Lung_Carcinoma",179,160,183,162
EMTAB37,"DMS53_Lung_Small_Cell_Lung_Carcinoma",177,156,180,155
EMTAB37,"DMS79_Lung_Small_Cell_Carcinoma",178,162,178,159
EMTAB37,"DOHH2_B_Cell_Neoplasm",180,159,180,156
EMTAB37,"DU4475_Breast_Carcinoma",181,161,182,160
EMTAB37,"Daudi_Burkitt_Lymphoma",183,157,184,151
EMTAB37,"Detroit562_Pharynx_Carcinoma",180,158,181,155
EMTAB37,"DoTc2_Cervix_Uteri_Carcinoma",179,153,179,149
EMTAB37,"EB1_Burkitt_Lymphoma",181,161,182,156
EMTAB37,"EB2_Burkitt_Lymphoma",184,157,183,152
EMTAB37,"EB3_Burkitt_Lymphoma",182,160,183,153
EMTAB37,"EFM19_Breast_Carcinoma",179,148,181,144
EMTAB37,"EM2_Blast_Phase_Chronic_Myelogenous_Leukemia",177,156,180,150
EMTAB37,"ES2_Ovary_Clear_Cell_Adenocarcinoma",180,152,182,152
EMTAB37,"FaDu_Pharynx_Carcinoma",180,154,180,145
EMTAB37,"G401_Kidney_Wilms_Tumor",180,151,180,148
EMTAB37,"G402_Kidney_Leiomyoblastoma",177,147,179,146
EMTAB37,"GA10_Burkitt_Lymphoma",182,158,183,149
EMTAB37,"GCT_Lung_Sarcoma",185,164,186,161
EMTAB37,"GDM1_Acute_Myeloid_Leukemia",174,158,178,153
EMTAB37,"H4_Central_Nervous_System_Glioblastoma",179,159,183,157
EMTAB37,"HCC1143_Breast_Carcinoma",179,151,181,156
EMTAB37,"HCC1395_Breast_Carcinoma",181,156,183,155
EMTAB37,"HCC1599_Breast_Carcinoma",178,156,180,151
EMTAB37,"HCC1937_Breast_Carcinoma",183,149,183,148
EMTAB37,"HCC1954_Breast_Carcinoma",183,155,183,152
EMTAB37,"HCC2157_Breast_Carcinoma",177,155,179,152
EMTAB37,"HCC2218_Breast_Carcinoma",179,152,180,141
EMTAB37,"HCC38_Breast_Carcinoma",177,155,181,151
EMTAB37,"HCT15_Colon_Carcinoma",183,154,183,148
EMTAB37,"HCT8_Colon_Carcinoma",179,154,181,155
EMTAB37,"HDMYZ_Hodgkin_Lymphoma",182,155,184,150
EMTAB37,"HEC1A_Uterus_Carcinoma",183,154,182,149
EMTAB37,"HEC1B_Uterus_Carcinoma",176,153,180,150
EMTAB37,"HEL9217_Erythroleukemia",184,157,183,154
EMTAB37,"HH_Cutaneous_T_Cell_Lymphoma",182,155,183,151
EMTAB37,"HL60_Acute_Myeloid_Leukemia",179,148,182,143
EMTAB37,"HMCB_Skin_Melanoma",179,149,179,149
EMTAB37,"HOS_Sarcoma_Osteosarcoma",181,155,183,149
EMTAB37,"HPAC_Pancreas_Adenocarcinoma",174,154,175,152
EMTAB37,"HPAFII_Pancreas_Carcinoma",179,156,180,155
EMTAB37,"HSSultan_Burkitt_Lymphoma",178,155,181,153
EMTAB37,"HT_B_Cell_Neoplasm",182,159,182,151
EMTAB37,"HT1080_Connective_Tissue_Fibrosarcoma",184,159,186,155
EMTAB37,"HT1197_Bladder_Carcinoma",181,153,180,147
EMTAB37,"HT1376_Bladder_Carcinoma",181,150,183,147
EMTAB37,"HT3_Cervix_Uteri_Carcinoma",181,155,183,154
EMTAB37,"Hep3B_Liver_Hepatocellular_Carcinoma",176,159,178,146
EMTAB37,"HepG2_Liver_Carcinoma",174,148,179,138
EMTAB37,"HuNS1_Myeloma",182,151,182,153
EMTAB37,"HuPT4_Pancreas_Carcinoma",182,159,182,150
EMTAB37,"HuT78_Cutaneous_T_Cell_Lymphoma",180,154,181,155
EMTAB37,"J82_Bladder_Carcinoma",177,150,182,149
EMTAB37,"JAR_Placenta_Choriocarcinoma",177,149,178,148
EMTAB37,"JEG3_Placenta_Choriocarcinoma",181,151,181,145
EMTAB37,"JM1_Acute_Lymphoblastic_Leukemia",182,158,183,154
EMTAB37,"JRT3T35_Acute_Lymphoblastic_Leukemia",181,160,182,156
EMTAB37,"JVM3_Acute_B_Cell_Lymphocytic_Leukemia",181,157,182,153
EMTAB37,"Jiyoye_Burkitt_Lymphoma",182,157,182,155
EMTAB37,"K562_Chronic_Myelogenous_Leukemia",184,155,183,150
EMTAB37,"KATOIII_Stomach_Carcinoma",178,146,181,150
EMTAB37,"KG1_Acute_Myeloid_Leukemia",174,153,179,154
EMTAB37,"KHOS240S_Sarcoma_Osteosarcoma",180,154,182,152
EMTAB37,"KLE_Uterus_Carcinoma",182,149,182,146
EMTAB37,"KPL1_Breast_Carcinoma",180,151,182,146
EMTAB37,"KU812_Chronic_Myelogenous_Leukemia",178,153,180,149
EMTAB37,"KYSE30_Esophagus_Squamous_Cell_Carcinoma",177,156,180,157
EMTAB37,"Kasumi2_Acute_B_Cell_Lymphocytic_Leukemia",176,155,180,151
EMTAB37,"L428_Hodgkin_Lymphoma",179,154,179,152
EMTAB37,"LS1034_Colon_Carcinoma",180,154,182,146
EMTAB37,"LS174T_Colon_Carcinoma",181,160,182,149
EMTAB37,"MC116_Burkitt_Lymphoma",179,150,182,150
EMTAB37,"MCCAR_Plasma_Cell_Myeloma",182,155,182,152
EMTAB37,"MCF7_Breast_Carcinoma",180,149,181,139
EMTAB37,"MCIXC_Central_Nervous_System_Neuroblastoma",181,158,181,152
EMTAB37,"MDAMB175VII_Breast_Carcinoma",177,154,178,151
EMTAB37,"MDAMB453_Breast_Carcinoma",177,150,180,143
EMTAB37,"MEC1_Chronic_Lymphocytic_Leukemia",184,157,184,151
EMTAB37,"MEG01_Chronic_Myelogenous_Leukemia",180,153,182,147
EMTAB37,"MESSA_Uterus_Sarcoma",180,156,182,152
EMTAB37,"MG63_Bone_Osteosarcoma",184,155,186,150
EMTAB37,"MHHPREB1_B_Cell_Neoplasm",182,155,181,157
EMTAB37,"MIAPaca_2_Pancreas_Carcinoma",181,149,182,146
EMTAB37,"MJ_T_Cell_Lymphoma",184,152,183,151
EMTAB37,"ML2_Acute_Myeloid_Leukemia",176,145,179,145
EMTAB37,"MOLT16_Acute_Lymphoblastic_Leukemia",180,157,181,156
EMTAB37,"MOLT4_Acute_Lymphoblastic_Leukemia",180,156,182,156
EMTAB37,"MT3_Breast_Carcinoma",185,157,184,155
EMTAB37,"MV4II_Myeloid_Leukemia",179,152,179,150
EMTAB37,"Malme3M_Skin_Melanoma",176,151,179,147
EMTAB37,"NALM1_Blast_Phase_Chronic_Myelogenous_Leukemia",179,158,180,154
EMTAB37,"NALM6_Acute_Lymphoblastic_Leukemia",178,157,182,159
EMTAB37,"NAMALWA_Burkitt_Lymphoma",182,156,184,148
EMTAB37,"NC37_Burkitt_Lymphoma",181,160,183,153
EMTAB37,"NCIH1048_Lung_Myeloid_Leukemia",179,152,181,157
EMTAB37,"NCIH1092_Lung_Small_Cell_Lung_Carcinoma",181,164,182,158
EMTAB37,"NCIH1155_Lung_Lung_Carcinoma",179,157,181,157
EMTAB37,"NCIH1355_Lung_Lung_Adenocarcinoma",182,152,183,149
EMTAB37,"NCIH1395_Lung_Carcinoma",179,147,179,141
EMTAB37,"NCIH1436_Lung_Small_Cell_Lung_Carcinoma",178,151,179,151
EMTAB37,"NCIH1437_Lung_Lung_Adenocarcinoma",182,155,182,155
EMTAB37,"NCIH1563_Lung_Lung_Adenocarcinoma",177,153,178,149
EMTAB37,"NCIH1573_Lung_Lung_Adenocarcinoma",179,145,181,142
EMTAB37,"NCIH1581_Lung_Large_Cell_Lung_Carcinoma",180,157,182,153
EMTAB37,"NCIH1618_Lung_Small_Cell_Lung_Carcinoma",176,155,180,151
EMTAB37,"NCIH1623_Lung_Lung_Adenocarcinoma",180,150,180,150
EMTAB37,"NCIH1650_Lung_Lung_Adenocarcinoma",186,154,186,148
EMTAB37,"NCIH1651_Lung_Lung_Adenocarcinoma",179,154,182,151
EMTAB37,"NCIH1666_Lung_Lung_Adenocarcinoma",181,151,182,148
EMTAB37,"NCIH1694_Lung_Small_Cell_Lung_Carcinoma",179,160,182,159
EMTAB37,"NCIH1703_Lung_Lung_Adenocarcinoma",177,155,181,156
EMTAB37,"NCIH1770_Lung_Lung_Carcinoma",177,151,179,157
EMTAB37,"NCIH1792_Lung_Lung_Adenocarcinoma",183,159,185,151
EMTAB37,"NCIH1793_Lung_Lung_Adenocarcinoma",179,157,182,150
EMTAB37,"NCIH1838_Lung_Lung_Adenocarcinoma",180,156,183,152
EMTAB37,"NCIH187_Lung_Lung_Carcinoma",179,158,179,160
EMTAB37,"NCIH1930_Lung_Small_Cell_Lung_Carcinoma",180,158,181,153
EMTAB37,"NCIH1975_Lung_Lung_Adenocarcinoma",184,165,185,157
EMTAB37,"NCIH1993_Lung_Lung_Adenocarcinoma",184,159,183,154
EMTAB37,"NCIH2009_Lung_Lung_Adenocarcinoma",181,161,184,155
EMTAB37,"NCIH2030_Lung_Lung_Adenocarcinoma",179,158,182,157
EMTAB37,"NCIH2052_Lung_Mesothelioma",183,165,183,161
EMTAB37,"NCIH2081_Lung_Small_Cell_Lung_Carcinoma",178,164,181,152
EMTAB37,"NCIH2087_Lung_Lung_Carcinoma",184,159,184,148
EMTAB37,"NCIH2107_Lung_Small_Cell_Lung_Carcinoma",179,156,180,154
EMTAB37,"NCIH2122_Lung_Lung_Carcinoma",184,156,183,148
EMTAB37,"NCIH2126_Lung_Lung_Adenocarcinoma",180,153,182,149
EMTAB37,"NCIH2170_Lung_Lung_Carcinoma",177,152,181,150
EMTAB37,"NCIH2171_Lung_Lung_Carcinoma",180,163,181,158
EMTAB37,"NCIH2195_Lung_Lung_Carcinoma",179,150,178,149
EMTAB37,"NCIH2228_Lung_Lung_Adenocarcinoma",178,158,181,155
EMTAB37,"NCIH226_Lung_Lung_Carcinoma",184,157,183,142
EMTAB37,"NCIH23_Lung_Carcinoma",181,153,180,149
EMTAB37,"NCIH2347_Lung_Lung_Adenocarcinoma",181,157,182,149
EMTAB37,"NCIH2405_Lung_Lung_Adenocarcinoma",174,150,178,150
EMTAB37,"NCIH295R_Brain_Carcinoma",175,158,178,157
EMTAB37,"NCIH322_Lung_Carcinoma",182,152,182,140
EMTAB37,"NCIH358_Lung_Carcinoma",183,157,182,152
EMTAB37,"NCIH441_Lung_Papillary_Lung_Adenocarcinoma",184,156,183,156
EMTAB37,"NCIH446_Lung_Lung_Carcinoma",179,162,182,158
EMTAB37,"NCIH508_Colon_Carcinoma",179,151,180,143
EMTAB37,"NCIH522_Lung_Carcinoma",178,152,180,148
EMTAB37,"NCIH524_Lung_Small_Cell_Lung_Carcinoma",179,163,180,159
EMTAB37,"NCIH630_Rectum_Melanoma",177,155,178,145
EMTAB37,"NCIH650_Lung_Lung_Carcinoma",180,158,182,156
EMTAB37,"NCIH661_Lung_Carcinoma",180,151,180,149
EMTAB37,"NCIH69_Lung_Carcinoma",179,155,182,154
EMTAB37,"NCIH716_Colon_Carcinoma",178,154,178,155
EMTAB37,"NCIH720_Lung_Lung_Atypical_Carcinoid_Tumor",184,158,185,153
EMTAB37,"NCIH747_Colon_Carcinoma",178,153,179,152
EMTAB37,"NCIH748_Lung_Small_Cell_Lung_Carcinoma",173,151,178,150
EMTAB37,"NCIH810_Lung_Lung_Carcinoma",180,153,181,153
EMTAB37,"NCIH82_Lung_Carcinoma",183,154,183,157
EMTAB37,"NCIH838_Lung_Lung_Adenocarcinoma",184,158,184,152
EMTAB37,"OE19_Esophagus_Esophageal_Carcinoma",178,152,181,147
EMTAB37,"OE21_Esophagus_Esophageal_Carcinoma",182,155,184,151
EMTAB37,"OE33_Esophagus_Esophageal_Carcinoma",179,154,181,152
EMTAB37,"OV90_Ovary_Ovarian_Serous_Adenocarcinoma",181,151,183,147
EMTAB37,"P3HR1_Burkitt_Lymphoma",179,158,182,157
EMTAB37,"PLB985_Acute_Myeloid_Leukemia",180,152,183,143
EMTAB37,"RCHACV_Acute_Lymphoblastic_Leukemia",178,157,181,154
EMTAB37,"RD_Muscle_Osteosarcoma",182,157,185,153
EMTAB37,"RDES_Bone_Sarcoma",180,154,181,154
EMTAB37,"REC1_B_Cell_Neoplasm",176,157,179,156
EMTAB37,"RKOE6_Colon_Colon_Carcinoma",180,154,181,147
EMTAB37,"RL_Non_Hodgkin_Lymphoma",184,156,183,148
EMTAB37,"RL952_Uterus_Carcinoma",182,155,183,151
EMTAB37,"RPMI6666_Hodgkin_Lymphoma",181,158,181,156
EMTAB37,"RPMI8226_Myeloma",181,156,182,146
EMTAB37,"RWPE1_Prostate_Carcinoma",182,154,183,153
EMTAB37,"Raji_Burkitt_Lymphoma",182,158,182,151
EMTAB37,"SCaBER_Bladder_Squamous_Cell_Carcinoma",184,156,183,154
EMTAB37,"SEM_Acute_Lymphoblastic_Leukemia",181,158,181,154
EMTAB37,"SH4_Skin_Melanoma",181,154,179,151
EMTAB37,"SHP77_Lung_Carcinoma",178,154,181,153
EMTAB37,"SJRH30_Muscle_Rhabdomyosarcoma",178,150,182,152
EMTAB37,"SJSA1_Bone_Osteosarcoma",179,159,182,156
EMTAB37,"SKLMS1_Vulva_Sarcoma",182,162,185,156
EMTAB37,"SKMEL1_Skin_Melanoma",176,148,177,147
EMTAB37,"SKMEL3_Skin_Melanoma",177,155,181,148
EMTAB37,"SKMES1_Lung_Squamous_Cell_Carcinoma",183,157,187,154
EMTAB37,"SKNAS_Central_Nervous_System_Neuroblastoma",183,149,184,146
EMTAB37,"SKNDZ_Brain_Neuroblastoma",180,157,181,156
EMTAB37,"SKNEP1_Kidney_Wilms_tumour",179,163,179,160
EMTAB37,"SKNFI_Central_Nervous_System_Neuroblastoma",178,153,180,150
EMTAB37,"SKO007_Myeloma",178,151,181,151
EMTAB37,"SKOV3_Ovary_Carcinoma",184,158,184,151
EMTAB37,"SKUT1_Uterus_Leiomyosarcoma",183,153,185,149
EMTAB37,"SNB19_Central_Nervous_System_Glioblastoma",180,158,183,153
EMTAB37,"SNU1_Stomach_Carcinoma",179,155,180,146
EMTAB37,"SNU16_Stomach_Carcinoma",178,152,179,147
EMTAB37,"SNU182_Liver_Carcinoma",181,157,183,156
EMTAB37,"SNU387_Liver_Carcinoma",181,160,184,153
EMTAB37,"SNU398_Liver_Carcinoma",180,158,182,149
EMTAB37,"SNU423_Liver_Carcinoma",177,158,181,156
EMTAB37,"SNU449_Liver_Carcinoma",179,160,181,152
EMTAB37,"SNU475_Liver_Carcinoma",181,162,182,158
EMTAB37,"SNU5_Stomach_Carcinoma",176,150,179,148
EMTAB37,"SR_Lymphoma",179,150,180,146
EMTAB37,"ST486_Burkitt_Lymphoma",182,156,183,153
EMTAB37,"SUDHL10_Lymphoma",178,157,181,155
EMTAB37,"SUDHL16_B_Cell_Neoplasm",179,152,179,150
EMTAB37,"SUDHL5_B_Cell_Neoplasm",185,153,185,152
EMTAB37,"SUDHL6_B_Cell_Neoplasm",182,150,182,145
EMTAB37,"SW1088_Central_Nervous_System_Glioblastoma",181,154,184,154
EMTAB37,"SW1116_Colon_Carcinoma",180,154,180,151
EMTAB37,"SW1353_Bone_Sarcoma",183,164,184,161
EMTAB37,"SW1417_Colon_Carcinoma",181,158,182,155
EMTAB37,"SW1463_Rectum_Carcinoma",175,151,176,141
EMTAB37,"SW1573_Lung_Carcinoma",179,157,182,155
EMTAB37,"SW1783_Central_Nervous_System_Glioblastoma",185,158,185,155
EMTAB37,"SW1990_Pancreas_Carcinoma",181,152,181,155
EMTAB37,"SW403_Colon_Carcinoma",174,150,175,142
EMTAB37,"SW48_Colon_Carcinoma",182,164,181,157
EMTAB37,"SW480_Colon_Carcinoma",181,154,183,147
EMTAB37,"SW620_Colon_Carcinoma",181,156,182,148
EMTAB37,"SW684_Connective_Tissue_Fibrosarcoma",177,149,182,143
EMTAB37,"SW756_Cervix_Uteri_Carcinoma",182,160,183,156
EMTAB37,"SW780_Bladder_Carcinoma",181,161,183,150
EMTAB37,"SW837_Colon_Carcinoma",183,155,182,155
EMTAB37,"SW872_Connective_Tissue_Liposarcoma",181,161,183,155
EMTAB37,"SW900_Lung_Small_Cell_Carcinoma",184,160,184,156
EMTAB37,"SW948_Colon_Carcinoma",178,152,178,150
EMTAB37,"SW954_Vulva_Carcinoma",177,157,178,152
EMTAB37,"SW962_Vulva_Carcinoma",182,157,185,155
EMTAB37,"SW982_Synovial_Membrane_Synovial_Sarcoma",184,155,185,150
EMTAB37,"SiHa_Cervix_Uteri_Carcinoma",182,155,181,150
EMTAB37,"T84_Colon_Carcinoma",182,155,181,153
EMTAB37,"TANOUE_Acute_Lymphoblastic_Leukemia",176,160,181,156
EMTAB37,"THP1_Acute_Myeloid_Leukemia",179,152,181,149
EMTAB37,"TT_Thyroid_gland_Carcinoma",178,157,180,146
EMTAB37,"Toledo_B_Cell_Neoplasm",180,157,182,153
EMTAB37,"U266B1_Myeloma",175,156,178,151
EMTAB37,"UACC812_Breast_Carcinoma",178,152,180,155
EMTAB37,"UACC893_Breast_Carcinoma",180,150,180,146
EMTAB37,"UMC11_Lung_Carcinoma",175,153,178,149
EMTAB37,"UMUC3_Bladder_Carcinoma",182,159,185,154
EMTAB37,"WIDR_Colon_Carcinoma",179,154,181,152
EMTAB37,"WM115_Skin_Melanoma",181,154,184,151
EMTAB37,"Y79_Eye_Retinoblastoma",180,150,182,150
EMTAB37,"YPAC_Pancreas_Carcinoma",181,157,183,151
GSE2019,"D1_Soft_Tissue_Serous_Adenocarcinoma",182,164,183,157
GSE2019,"D2_Adrenal_Gland_Oncocytoma",176,154,179,144
GSE2019,"D3_Adrenal_Gland_Pheochromocytoma",182,167,184,157
GSE2019,"D4_Appendix_Signet_Ring_Cell_Carcinoma",184,162,183,160
GSE2019,"D5_Colon_Adenocarcinoma",181,151,183,146
GSE2019,"D6_Bladder_Papillary_transitional_cell_carcinoma",176,153,179,149
GSE2019,"D7_Bladder_Small_Cell_Carcinoma",183,165,184,157
GSE2019,"D8_Bladder_Squamous_cell_carcinoma",184,162,184,154
GSE2019,"D9_Bladder_Transitional_cell_carcinoma",180,157,181,153
GSE2019,"D10_Bladder_Urothelial__transitional_cell__carcinoma",179,148,179,150
GSE2019,"D11_Bone_Osteosarcoma",186,157,184,152
GSE2019,"D12_Brain_Astrocytoma",179,153,181,145
GSE2019,"D13_Brain_Glioblastoma_multiformae",167,158,174,151
GSE2019,"D14_Breast_Adenoid_Cystic_Carcinoma",184,138,182,130
GSE2019,"D15_Breast_Colloid_Adenocarcinoma",184,142,185,138
GSE2019,"D16_Breast_Cribiform_Carcinoma",183,166,183,153
GSE2019,"D17_Breast_Ductal_and_Lobular_carcinoma",177,156,180,155
GSE2019,"D18_Breast_Ductal_Carcinoma",183,162,185,157
GSE2019,"D19_Breast_Ductal_Carcinoma_In_situ__DCIS__with_focal_Comedo_Ca",178,159,181,157
GSE2019,"D20_Breast_Inflammatory_Carcinoma",179,160,180,156
GSE2019,"D21_Breast_Intracystic_carcinoma",179,157,180,150
GSE2019,"D22_Breast_Intraductal_Carcinoma",180,152,182,144
GSE2019,"D23_Breast_Intraductal_papillary_carcinoma",180,132,182,123
GSE2019,"D24_Breast_Invasive_Ductal_Carcinoma",182,159,183,155
GSE2019,"D25_Breast_Invasive_ductal_carcinoma_mucinous_type",177,160,180,155
GSE2019,"D26_Breast_Lobular_Carcinoma",183,159,185,152
GSE2019,"D27_Breast_Lobular_carcinoma_in_situ",181,158,182,149
GSE2019,"D28_Breast_Medullary_Carcinoma_NOS",182,158,182,152
GSE2019,"D29_Breast_Metaplastic_Carcinoma",186,162,186,150
GSE2019,"D30_Breast_Metaplastic_squamous_carcinoma",183,162,184,156
GSE2019,"D31_Breast_Mucinous_Carcinoma",185,162,186,149
GSE2019,"D32_Breast_Papillary_carcinoma",181,158,182,150
GSE2019,"D33_Breast_Papillary_Carcinoma__predominantly_micropapillary_pa",178,147,179,145
GSE2019,"D34_Bronchus___Lung_Adenocarcinoma_NOS",183,158,183,154
GSE2019,"D35_Cecum_Adenocarcinoma",183,155,184,145
GSE2019,"D36_Cecum_Adenocarcinoma_arising_in_a_villous_adenoma",183,155,184,147
GSE2019,"D37_Cecum_Mucinous_Adenocarcinoma",181,157,183,153
GSE2019,"D38_Cervical_Lymph_Node_Diffuse_large_B_cell_lymphoma",183,159,184,153
GSE2019,"D39_Cervical_Lymph_Node_Papillary_carcinoma",182,146,183,140
GSE2019,"D40_Cervix_Adenocarcinoma_NOS",183,163,183,159
GSE2019,"D41_Cervix_Adenosquamous_Carcinoma",179,156,182,150
GSE2019,"D42_Cervix_Endometrioid_carcinoma",180,157,181,156
GSE2019,"D43_Cervix_Mucinous_Adenocarcinoma_Endocervical_Type",178,158,182,155
GSE2019,"D44_Cervix_Squamous_cell_carcinoma",181,163,183,163
GSE2019,"D45_Cervix_Squamous_cell_carcinoma_non_keratinizing",182,164,183,159
GSE2019,"D46_Cervix_Uteri_Adenocarcinoma",185,159,185,152
GSE2019,"D47_Cervix_Uteri_Mucinous_Adenocarcinoma",182,158,183,158
GSE2019,"D48_Cervix_Uteri_Small_cell_carcinoma_NOS",181,159,182,155
GSE2019,"D49_Cervix_Uteri_Squamous_cell_carcinoma",185,164,185,157
GSE2019,"D50_Cervix_Uteri_Squamous_cell_carcinoma_keratinizing",183,161,184,155
GSE2019,"D51_Cervix_Uteri_Squamous_cell_carcinoma_non_keratinizing",181,160,182,153
GSE2019,"D52_Cervix_Uteri_Squamous_cell_carcinoma_spindle_cell_type",186,164,185,161
GSE2019,"D53_Cervix_Uteri_Squamous_cell_carcinoma_verrucous",182,159,182,159
GSE2019,"D54_Colon_Adenocarcinoma",186,157,187,157
GSE2019,"D55_Colon_Adenocarcinoma_arising_in_a_villous_adenoma",183,151,184,154
GSE2019,"D56_Colon_Adenocarcinoma_In_situ",182,155,182,152
GSE2019,"D57_Colon_Carcinoma_in_situ_arising_in_a_villous_adenoma",182,153,181,151
GSE2019,"D58_Colon_Clear_cell_adenocarcinoma",185,159,184,152
GSE2019,"D59_Colon_Colloid_Carcinoma",184,163,186,154
GSE2019,"D60_Colon_Medullary_Carcinoma",182,155,185,148
GSE2019,"D61_Colon_Mucinous_Adenocarcinoma",184,161,184,154
GSE2019,"D62_Colon_Mucinous_Carcinoma",183,156,183,154
GSE2019,"D63_Colon_Mucin_producing_adenocarcinoma",183,161,184,154
GSE2019,"D64_Colon_Signet_Ring_Cell_Carcinoma",185,157,185,153
GSE2019,"D65_Colon_Undifferentiated_Carcinoma",182,149,183,148
GSE2019,"D66_Colon_Mantle_Cell_Lymphoma",173,152,178,149
GSE2019,"D67_Common_Bile_Duct_Cholangiocarcinoma",184,157,185,151
GSE2019,"D68_Corpus_Uteri_Endometrioid_carcinoma",183,159,183,156
GSE2019,"D69_Corpus_Uteri_Malignant_mixed_muellerian_tumor",182,157,183,157
GSE2019,"D70_Corpus_Uteri_Serous_adenocarcinoma__papillary_serous_",181,167,182,164
GSE2019,"D71_Duodenum_Adenocarcinoma",180,164,182,159
GSE2019,"D72_Endometrium_Adenosarcoma",180,162,179,156
GSE2019,"D73_Endometrium_Carcinoma_NOS",182,162,182,153
GSE2019,"D74_Endometrium_Clear_cell_adenocarcinoma",182,164,181,158
GSE2019,"D75_Endometrium_Endometrioid_Adenocarcinoma",181,153,182,150
GSE2019,"D76_Endometrium_Endometrioid_carcinoma",182,158,182,158
GSE2019,"D77_Endometrium_Malignant_mixed_muellerian_tumor",181,160,181,162
GSE2019,"D78_Endometrium_Mixed_endometrioid_and_serous_adenocarcinoma",184,158,184,153
GSE2019,"D79_Endometrium_Papillary_Serous_Adenocarcinoma",181,160,183,156
GSE2019,"D80_Endometrium_Serous_adenocarcinoma__papillary_serous_",181,167,183,163
GSE2019,"D81_Endometrium_Undifferentiated_endometrial_sarcoma",175,157,179,150
GSE2019,"D82_Esophagus_Adenocarcinoma",186,161,186,150
GSE2019,"D83_Esophagus_Signet_ring_cell_adenocarcinoma",184,164,184,154
GSE2019,"D84_Exocrine_Pancreas_Ductal_adenocarcinoma",182,160,184,157
GSE2019,"D85_Exocrine_Pancreas_Ductal_Carcinoma",181,165,184,158
GSE2019,"D86_Exocrine_Pancreas_Intraductal_papillary_mucinous_carcinoma_",179,160,181,155
GSE2019,"D87_Fallopian_Tube_Endometrioid_carcinoma",182,165,183,164
GSE2019,"D88_Fallopian_Tube_Papillary_Serous_Carcinoma",182,165,183,156
GSE2019,"D89_Fallopian_Tube_Serous_cystadenocarcinoma_NOS",184,161,183,163
GSE2019,"D90_Femoral_Lymph_Node_Mantle_Cell_Lymphoma",180,159,182,148
GSE2019,"D91_Gallbladder_Adenocarcinoma",182,158,183,154
GSE2019,"D92_Gastroesophageal_junction_Adenocarcinoma",186,159,185,153
GSE2019,"D93_GI_Tract_Connective_Tissue_Gastrointestinal_stromal_tumor_b",178,162,178,151
GSE2019,"D94_Head_of_Pancreas_Ductal_adenocarcinoma",179,149,181,142
GSE2019,"D95_Hepatic_Flexure_Adenocarcinoma",181,152,181,149
GSE2019,"D96_Ileum_Malignant_carcinoid_tumor",177,154,178,151
GSE2019,"D97_Ileum_Anaplastic_large_cell_lymphoma",185,160,184,157
GSE2019,"D98_Ileum_Carcinoid_Tumor",180,156,182,153
GSE2019,"D99_Bone_Dedifferentiated_chondrosarcoma",181,155,183,148
GSE2019,"D100_Islets_of_Langerhans_Malignant_gastrinoma",177,157,180,149
GSE2019,"D101_Jejunum_Adenocarcinoma",174,149,179,147
GSE2019,"D102_Jejunum_Follicular_lymphoma",180,158,183,152
GSE2019,"D103_Kidney_Adenocarcinoma_clear_cell_type",178,149,181,149
GSE2019,"D104_Kidney_Adenocarcinoma_NOS",175,151,182,148
GSE2019,"D105_Kidney_Chromophobe_renal_carcinoma",181,140,183,134
GSE2019,"D106_Kidney_Clear_cell_adenocarcinoma",180,161,184,158
GSE2019,"D107_Kidney_Collecting_duct_carcinoma",180,161,184,158
GSE2019,"D108_Kidney_Conventional__clear_cell__renal_carcinoma",180,164,183,157
GSE2019,"D109_Kidney_Cyst_associated_renal_cell_carcinoma",172,159,176,154
GSE2019,"D110_Kidney_Granular_cell_carcinoma",177,146,179,131
GSE2019,"D111_Kidney_Granular_cell_carcinoma",179,142,180,141
GSE2019,"D112_Kidney_Leiomyosarcoma",177,165,178,152
GSE2019,"D113_Kidney_Mixed_type_renal_cell_carcinoma",184,166,185,156
GSE2019,"D114_Kidney_Papillary_renal_cell_carcinoma",178,157,182,145
GSE2019,"D115_Kidney_Papillary_transitional_cell_carcinoma",181,158,182,150
GSE2019,"D116_Kidney_Renal_cell_carcinoma",180,147,182,139
GSE2019,"D117_Kidney_Renal_cell_carcinoma_sarcomatoid",183,161,183,155
GSE2019,"D118_Kidney_Tubulo_papillary_renal_cell_carcinoma",178,125,180,122
GSE2019,"D119_Kidney_Urothelial__transitional_cell__carcinoma",177,153,178,149
GSE2019,"D120_Kidney_Urothelial_sarcomatoid_carcinoma",184,165,184,157
GSE2019,"D121_Kidney_Angiomyolipoma",178,143,180,130
GSE2019,"D122_Kidney_Malignant_renal_oncocytoma",176,152,177,145
GSE2019,"D123_Kidney_Oncocytoma",177,149,179,140
GSE2019,"D124_Kidney_Renal_oncocytoma",179,159,179,149
GSE2019,"D125_Kidney_Solitary_fibrous_tumor",179,162,181,151
GSE2019,"D126_Liver_Adenocarcinoma_NOS",182,160,185,154
GSE2019,"D127_Liver_Intrahepatic_Cholangiocarcinoma",180,154,182,149
GSE2019,"D128_Lung_Adenocarcinoma_NOS",179,148,181,136
GSE2019,"D129_Lung_Adenosquamous_Carcinoma",187,160,186,154
GSE2019,"D130_Lung_Bronchioloalveolar_carcinoma",179,149,184,143
GSE2019,"D131_Lung_Large_cell_carcinoma",182,154,183,149
GSE2019,"D132_Lung_Large_cell_neuroendocrine_carcinoma",181,154,181,161
GSE2019,"D133_Lung_Mucinous_Adenocarcinoma",182,148,185,137
GSE2019,"D134_Lung_Mucin_producing_adenocarcinoma",177,149,180,143
GSE2019,"D135_Lung_Mucoepidermoid_Carcinoma",179,153,182,148
GSE2019,"D136_Lung_Neuroendocrine_carcinoma",179,155,182,151
GSE2019,"D137_Lung_Non_small_cell_carcinoma",175,148,179,148
GSE2019,"D138_Lung_Papillary_adenocarcinoma",180,151,182,147
GSE2019,"D139_Lung_Squamous_cell_carcinoma",182,157,183,154
GSE2019,"D140_Lung_Squamous_cell_carcinoma_non_keratinizing",182,159,183,150
GSE2019,"D141_Lung_Synovial_sarcoma_monophasic_fibrous",180,163,182,153
GSE2019,"D142_Lymph_Node_Follicular_lymphoma",179,156,181,145
GSE2019,"D143_Lymph_Node_Squamous_cell_carcinoma",179,160,181,161
GSE2019,"D144_Lymph_Node_Mature__peripheral__B_cell_lymphoma",184,157,186,154
GSE2019,"D145_Mesenteric_Lymph_Node_Diffuse_large_B_cell_lymphoma",178,157,179,152
GSE2019,"D146_Mesenteric_Lymph_Node_Follicular_lymphoma",178,156,180,146
GSE2019,"D147_Myometrium_Leiomyosarcoma",180,160,180,156
GSE2019,"D148_Neck_mass_Papillary_carcinoma",183,160,183,149
GSE2019,"D149_Omentum_Malignant_mixed_muellerian_tumor",183,172,183,165
GSE2019,"D150_Omentum_Serous_Adenocarinoma",184,166,185,161
GSE2019,"D151_Omentum_Squamous_cell_carcinoma",181,161,182,158
GSE2019,"D152_Ovary_Adenocarcinoma",183,168,184,160
GSE2019,"D153_Ovary_Adenocarcinoma_with_mixed_subtypes",185,167,185,162
GSE2019,"D154_Ovary_Adenocarcinoma_endometrioid_and_papillary_serous",181,166,183,161
GSE2019,"D155_Ovary_Benign_serous_cystadenoma_of_borderline_malignancy",182,156,182,154
GSE2019,"D156_Ovary_Carcinoid_tumor_with_atypical_features",176,164,177,156
GSE2019,"D157_Ovary_Carcinoma_NOS",180,170,181,156
GSE2019,"D158_Ovary_Carcinosarcoma",175,162,180,154
GSE2019,"D159_Ovary_Clear_cell_adenocarcinoma",182,154,182,152
GSE2019,"D160_Ovary_Clear_cell_adenocarcinoma_NOS",185,167,185,161
GSE2019,"D161_Ovary_Diffuse_large_B_cell_lymphoma",178,155,182,149
GSE2019,"D162_Ovary_Dysgerminoma",184,161,184,157
GSE2019,"D163_Ovary_Endometrioid_Adenocarcinoma",179,160,180,153
GSE2019,"D164_Ovary_Endometrioid_adenocarcinoma_with_sguamous_metaplasia",181,153,180,146
GSE2019,"D165_Ovary_Endometrioid_adenocarcinoma_secretory_variant",182,156,183,147
GSE2019,"D166_Ovary_Endometrioid_carcinoma",181,158,183,155
GSE2019,"D167_Ovary_Malignant_mixed_muellerian_tumor",182,165,181,157
GSE2019,"D168_Ovary_Malignant_teratoma",182,162,184,161
GSE2019,"D169_Ovary_Mixed_Adenocarcinoma_Endometrioid_and_Clear_Cell_Typ",182,160,184,152
GSE2019,"D170_Ovary_Mixed_endometrioid_and_papillary_serous_adenocarcino",183,151,184,148
GSE2019,"D171_Ovary_Mixed_epithelial_tumor",179,149,182,143
GSE2019,"D172_Ovary_Mucinous_Adenocarcinoma",181,161,183,151
GSE2019,"D173_Ovary_Mucinous_Carcinoma",180,163,180,159
GSE2019,"D174_Ovary_Mucinous_cystadenocarcinoma",182,155,181,142
GSE2019,"D175_Ovary_Mucinous_cystic_tumor_of_low_malignant_potential",180,160,183,157
GSE2019,"D176_Ovary_Papillary_cystadenocarcinoma",179,162,182,149
GSE2019,"D177_Ovary_Papillary_mucinous_cystadenocarcinoma",181,156,182,158
GSE2019,"D178_Ovary_Papillary_Serous_Adenocarcinoma",183,170,183,165
GSE2019,"D179_Ovary_Papillary_Serous_Carcinoma",181,164,182,159
GSE2019,"D180_Ovary_Papillary_serous_cystadenocarcinoma",181,160,182,159
GSE2019,"D181_Ovary_Papillary_serous_tumor_of_low_malignant_potential",183,160,184,154
GSE2019,"D182_Ovary_Serous_Adenocarinoma",180,162,182,159
GSE2019,"D183_Ovary_Signet_Ring_Cell_Carcinoma",181,157,181,154
GSE2019,"D184_Ovary_Transitional_cell_carcinoma",178,164,180,163
GSE2019,"D185_Ovary_Undifferentiated_Carcinoma",183,158,183,158
GSE2019,"D186_Ovary_Adult_Granulosa_Cell_Tumor",177,158,179,148
GSE2019,"D187_Ovary_Borderline_tumor_of_ovary_mixed_epithelial_type",178,162,181,157
GSE2019,"D188_Ovary_Endometrioid_tumor_of_low_malignant_potential",180,155,180,143
GSE2019,"D189_Pancreas_Adenocarcinoma_NOS",181,156,183,145
GSE2019,"D190_Pancreas_Carcinoma_with_osteoclast_like_giant_cells",185,168,186,160
GSE2019,"D191_Pancreas_Colloid_Adenocarcinoma_w_Intraductal_Papillary_Mu",180,158,183,150
GSE2019,"D192_Pancreas_Ductal_adenocarcinoma",186,160,187,155
GSE2019,"D193_Para_aortic_tissue_Mixed_germ_cell_tumor",185,162,186,154
GSE2019,"D194_Parotid_Gland_Epithelial_myoepithelial_carcinoma",179,156,180,152
GSE2019,"D195_Parotid_Gland_Keratinizing_Squamous_Cell_Carcinoma",183,170,184,158
GSE2019,"D196_Parotid_Gland_Large_cell_carcinoma",180,157,183,153
GSE2019,"D197_Parotid_Gland_Mucoepidermoid_Carcinoma",181,158,182,154
GSE2019,"D198_Parotid_Lymph_Node_Malignant_melanoma_NOS",185,158,185,148
GSE2019,"D199_Pelvic_Lymph_Node_Follicular_lymphoma",182,155,184,150
GSE2019,"D200_Pelvic_Lymph_Node_Squamous_cell_carcinoma",183,163,184,162
GSE2019,"D201_Pelvic_Lymph_Node_Squamous_cell_carcinoma_non_keratinizing",180,160,182,158
GSE2019,"D202_Pelvic_Malignant_mixed_muellerian_tumor",177,164,182,159
GSE2019,"D203_Pelvic_Papillary_endometrioid_adenocarcinoma_of_low_malign",182,159,182,153
GSE2019,"D204_Soft_Tissue_Carcinoma_NOS",185,163,184,162
GSE2019,"D205_Pelvic_Papillary_Serous_Adenocarcinoma",181,160,182,159
GSE2019,"D206_Penis_Squamous_cell_carcinoma",182,160,182,148
GSE2019,"D207_Peritoneum_Adenocarcinoma",180,161,182,162
GSE2019,"D208_Soft_Tissue_Malignant_fibrous_histiocytoma",183,166,182,158
GSE2019,"D209_Prostate_Adenocarcinoma_Acinar_Type",178,153,181,146
GSE2019,"D210_Prostate_Adenocarcinoma_NOS",181,137,180,132
GSE2019,"D211_Rectosigmoid_Adenocarcinoma",184,160,186,155
GSE2019,"D212_Rectosigmoid_Adenocarcinoma_arising_in_a_villous_adenoma",184,156,183,146
GSE2019,"D213_Rectosigmoid_Adenocarcinoma_in_adenomatous_polyp",177,153,178,147
GSE2019,"D214_Rectosigmoid_Junction_Mucinous_Carcinoma",183,162,184,157
GSE2019,"D215_Rectum_Adenocarcinoma",184,162,186,155
GSE2019,"D216_Rectum_Adenocarcinoma_in_adenomatous_polyp",182,159,182,153
GSE2019,"D217_Rectum_Carcinoma_in_situ_arising_in_a_villous_adenoma",179,155,179,156
GSE2019,"D218_Rectum_Mucinous_Carcinoma",184,150,184,145
GSE2019,"D219_Rectum_Signet_Ring_Cell_Carcinoma",185,152,185,143
GSE2019,"D220_Renal_Pelvis_Papillary_transitional_cell_carcinoma",174,151,177,146
GSE2019,"D221_Renal_Pelvis_Squamous_cell_carcinoma",183,162,183,156
GSE2019,"D222_Renal_Pelvis_Transitional_cell_carcinoma",182,163,182,153
GSE2019,"D223_Renal_Pelvis_Urothelial__transitional_cell__carcinoma",181,155,182,153
GSE2019,"D224_Renal_Pelvis_Oncocytoma",178,149,178,143
GSE2019,"D225_Retroperitoneal_Mass_Liposarcoma",181,154,181,147
GSE2019,"D226_Retroperitoneal_Mass_Spindle_Cell_Sarcoma",170,150,177,151
GSE2019,"D227_Retroperitoneum_Dedifferentiated_liposarcoma",181,163,183,155
GSE2019,"D228_Retroperitoneum_Leiomyosarcoma",185,170,185,164
GSE2019,"D229_Sigmoid_Colon_Adenocarcinoma",181,161,183,154
GSE2019,"D230_Sigmoid_Colon_Adenocarcinoma_arising_in_a_villous_adenoma",181,152,182,149
GSE2019,"D231_Skin_Squamous_cell_carcinoma_NOS",185,158,185,148
GSE2019,"D232_Small_Intestine_Adenocarcinoma",186,160,185,157
GSE2019,"D233_Small_Intestine_Adenocarcinoma_arising_in_tubular_adenoma",174,134,177,130
GSE2019,"D234_Small_Intestine_B_cell_lymphoma_NOS",182,155,185,148
GSE2019,"D235_Small_Intestine_Carcinoid_Tumor",172,150,175,143
GSE2019,"D236_Small_Intestine_Malignant_lymphoma_large_B_cell_diffuse_im",180,167,184,151
GSE2019,"D237_Small_Intestine_Gastrointestinal_Stromal_Tumor__GIST_",180,164,182,155
GSE2019,"D238_Small_Intestine_Neuroendocrine_carcinoma_NOS",174,155,177,145
GSE2019,"D239_Soft_Tissue_Myxoid_liposarcoma",179,159,181,149
GSE2019,"D240_Soft_Tissue_Pleomorphic_sarcoma",179,161,183,155
GSE2019,"D241_Soft_Tissue_Leiomyosarcoma",186,168,186,160
GSE2019,"D242_Soft_Tissue_Malignant_peripheral_nerve_sheath_tumor",182,168,182,164
GSE2019,"D243_Soft_Tissue_Myxoid_pleomorphic_spindle_cell_sarcoma",179,165,182,155
GSE2019,"D244_Soft_Tissue_Liposarcoma",185,157,185,152
GSE2019,"D245_Soft_Tissue_Pleomorphic_sarcoma",187,160,187,157
GSE2019,"D246_Soft_Tissue_Undifferentiated_sarcoma",174,153,178,153
GSE2019,"D247_Soft_Tissue_Ewings_sarcoma_primitive_neuroectodermal_tumor",178,154,179,159
GSE2019,"D248_Soft_Tissue_Synovial_sarcoma",187,167,187,156
GSE2019,"D249_Soft_Tissue_Cellular_Schwannoma",169,147,176,143
GSE2019,"D250_Soft_Tissue_Leiomyosarcoma",185,163,184,156
GSE2019,"D251_Soft_Tissue_Sarcoma_NOS",182,159,184,157
GSE2019,"D252_Spinal_cord_Ependymoma_myxopapillary",177,163,179,157
GSE2019,"D253_Spleen_Carcinoma_NOS",181,160,181,154
GSE2019,"D254_Spleen_Follicular_lymphoma",182,166,184,148
GSE2019,"D255_Spleen_Splenic_marginal_zone_B_cell_lymphoma",178,164,181,152
GSE2019,"D256_Stomach_Adenocarcinoma",185,162,185,155
GSE2019,"D257_Stomach_Adenocarcinoma_Diffuse_Type",182,162,183,158
GSE2019,"D258_Stomach_Signet_Ring_Cell_Carcinoma",182,143,183,134
GSE2019,"D259_Stomach_Spindle_Cell_Sarcoma",182,157,184,158
GSE2019,"D260_Stomach_Tubular_adenocarcinoma",182,153,183,143
GSE2019,"D261_Stomach_Gastrointestinal_stromal_tumor",182,165,183,157
GSE2019,"D262_Stomach_Solitary_fibrous_tumor_benign",184,161,185,152
GSE2019,"D263_Thyroid_Follicular_adenocarcinoma",173,153,178,144
GSE2019,"D264_Superior_mediastinal_lymph_node_Papillary_carcinoma",180,164,181,154
GSE2019,"D265_Thyroid_Medullary_Carcinoma_NOS",181,162,183,152
GSE2019,"D266_Supraclavicular_Lymph_Node_Squamous_cell_carcinoma",178,158,181,149
GSE2019,"D267_Testis_Anaplastic_seminoma",184,161,183,157
GSE2019,"D268_Testis_Mixed_germ_cell_tumor",185,160,186,151
GSE2019,"D269_Thyroid_Papillary_carcinoma",182,162,182,149
GSE2019,"D270_Thyroid_Papillary_carcinoma_follicular_variant",182,154,183,150
GSE2019,"D271_Thyroid_Papillary_carcinoma_oncocytic_variant",178,143,181,141
GSE2019,"D272_Thyroid_Papillary_carcinoma_tall_cell_variant",178,162,181,154
GSE2019,"D273_Tongue_Squamous_cell_carcinoma",184,163,184,156
GSE2019,"D274_Ureter_Papillary_transitional_cell_carcinoma",183,155,183,155
GSE2019,"D275_Ureter_Transitional_cell_carcinoma",182,152,183,150
GSE2019,"D276_Ureterovesicle_junction_Urothelial__transitional_cell__car",182,155,182,155
GSE2019,"D277_Urinary_Bladder_Keratinizing_Squamous_Cell_Carcinoma",188,160,187,153
GSE2019,"D278_Urinary_Bladder_Papillary_carcinoma",181,166,182,155
GSE2019,"D279_Urinary_Bladder_Papillary_transitional_cell_carcinoma",183,161,184,152
GSE2019,"D280_Urinary_Bladder_Small_cell_carcinoma_NOS",177,151,181,147
GSE2019,"D281_Urinary_Bladder_Urothelial__transitional_cell__carcinoma",183,154,184,151
GSE2019,"D282_Urinary_Tract_NOS_Papillary_transitional_cell_carcinoma",174,162,178,160
GSE2019,"D283_Uterine_Cervix_Squamous_cell_carcinoma",182,161,183,155
GSE2019,"D284_Uterine_Corpus_Endometrioid_carcinoma",182,158,183,158
GSE2019,"D285_Uterus_Adenocarcinoma",181,158,181,149
GSE2019,"D286_Uterus_Adenocarcinoma_with_squamous_metaplasia",183,165,185,151
GSE2019,"D287_Uterus_Adenosquamous_Carcinoma",185,163,184,160
GSE2019,"D288_Uterus_Carcinosarcoma",185,160,184,156
GSE2019,"D289_Uterus_Clear_cell_adenocarcinoma",185,160,184,159
GSE2019,"D290_Uterus_Endometrioid_Adenocarcinoma",183,158,183,154
GSE2019,"D291_Uterus_Endometrioid_carcinoma",183,162,184,155
GSE2019,"D292_Uterus_Malignant_Mixed_mesodermal_tumor",180,157,180,155
GSE2019,"D293_Uterus_Malignant_mixed_muellerian_tumor",182,163,183,163
GSE2019,"D294_Uterus_Mixed_Cell_Adenocarcinoma",183,154,184,150
GSE2019,"D295_Uterus_Mixed_clear_cell_and_endometrioid_adenocarcinoma",179,158,179,145
GSE2019,"D296_Uterus_Mixed_endometrioid_and_serous_adenocarcinoma",181,165,183,161
GSE2019,"D297_Uterus_Papillary_Serous_Carcinoma",188,158,187,158
GSE2019,"D298_Uterus_Sarcoma_NOS",180,164,181,158
GSE2019,"D299_Uterus_Serous_adenocarcinoma__papillary_serous_",179,170,182,164
GSE2019,"D300_Uterus_Serous_cystadenocarcinoma",183,161,184,156
GSE2019,"D301_Uterus_Squamous_cell_carcinoma",182,157,182,154
GSE2019,"D302_Uterus_Undifferentiated_Carcinoma",179,160,181,152
GSE2019,"D303_Uterus_Leiomyosarcoma",185,160,183,155
GSE2019,"D304_Vagina_Adenocarcinoma_mixed_epithelial_type",182,161,182,156
GSE2019,"D305_Vaginal_Muellerian_adenosarcoma_with_rhabdomyosarcomatous_",180,164,181,156
GSE2019,"D306_Vaginal_Squamous_cell_carcinoma_non_keratinizing",185,165,186,156
GSE2019,"D307_Vulva_Basal_Cell_carcinoma_NOS",181,163,181,157
GSE2019,"D308_Vulva_Keratinizing_Squamous_Cell_Carcinoma",185,161,185,152
GSE2019,"D309_Vulva_Nodular_melanoma",177,160,180,154
GSE2019,"D310_Vulva_Squamous_cell_carcinoma",182,168,183,159
GSE2019,"D311_Vulvar_Malignant_mixed_muellerian_tumor",186,161,185,154
GSE2019,"D312_Acetabulum_Dedifferentiated_chondrosarcoma",185,168,184,159
GSE2019,"D313_Axillary_Lymph_Node_Ductal_Carcinoma",186,164,187,157
GSE2019,"D314_Breast_Pleomorphic_liposarcoma",179,156,180,150
GSE2019,"D315_Colon_Papillary_Serous_Adenocarcinoma",175,160,177,153
HPA,"A_431",175,151,180,147
HPA,"A549",181,148,184,143
HPA,"CACO_2",174,144,179,149
HPA,"CAPAN_2",177,140,180,134
HPA,"Daudi",184,152,183,151
HPA,"HAP1",182,153,182,152
HPA,"HDLM_2",177,159,180,157
HPA,"HeLa",181,160,183,158
HPA,"HepG2",172,150,180,142
HPA,"HL_60",180,158,182,146
HPA,"HMC_1",174,154,179,157
HPA,"K_562",182,154,179,150
HPA,"Karpas_707",180,155,184,151
HPA,"MOLT_4",182,161,182,157
HPA,"NB_4",174,151,178,150
HPA,"REH",179,156,180,154
HPA,"RPMI_8226",175,148,181,142
HPA,"RT4",177,158,179,160
HPA,"SCLC_21H",182,158,181,157
HPA,"SiHa",179,149,181,146
HPA,"T_47d",176,150,181,152
HPA,"THP_1",180,154,182,147
HPA,"U_138MG",183,161,186,155
HPA,"U_2OS",182,161,183,158
HPA,"U_2197",183,155,186,148
HPA,"U_251MG",185,165,184,159
HPA,"U_266_70",180,158,182,152
HPA,"U_266_84",182,155,182,151
HPA,"U_698",184,158,182,153
HPA,"U_87MG",185,151,185,144
HPA,"U_937",180,149,183,140
HPA,"WM_115",179,137,183,128
ProteomeNCI60,"BREAST_BT549",172,139,159,127
ProteomeNCI60,"BREAST_HS578T",170,134,152,129
ProteomeNCI60,"BREAST_MCF7",172,151,162,133
ProteomeNCI60,"BREAST_MCF7ADR",175,151,168,143
ProteomeNCI60,"BREAST_MDAMB231",175,143,161,131
ProteomeNCI60,"BREAST_MDAMB435",168,149,154,142
ProteomeNCI60,"BREAST_T47D",173,116,158,102
ProteomeNCI60,"CNS_SF268",173,146,161,138
ProteomeNCI60,"CNS_SF295",176,147,164,137
ProteomeNCI60,"CNS_SF539",171,138,160,128
ProteomeNCI60,"CNS_SNB19",172,139,160,133
ProteomeNCI60,"CNS_SNB75",176,129,161,121
ProteomeNCI60,"CNS_U251",178,130,169,115
ProteomeNCI60,"COLON_COLO205",173,133,159,126
ProteomeNCI60,"COLON_HCC2998",163,96,159,115
ProteomeNCI60,"COLON_HCT116",173,137,161,128
ProteomeNCI60,"COLON_HCT15",172,147,126,144
ProteomeNCI60,"COLON_HT29",176,152,10,142
ProteomeNCI60,"COLON_KM12",172,145,160,140
ProteomeNCI60,"COLON_SW620",169,158,157,143
ProteomeNCI60,"LEUK_CCRFCEM",172,147,159,147
ProteomeNCI60,"LEUK_HL60",169,130,158,123
ProteomeNCI60,"LEUK_K562",172,154,163,139
ProteomeNCI60,"LEUK_MOLT4",169,157,151,145
ProteomeNCI60,"LEUK_RPMI8226",171,129,165,123
ProteomeNCI60,"LEUK_SR",172,132,160,111
ProteomeNCI60,"MELAN_LOXIMVI",169,147,157,143
ProteomeNCI60,"MELAN_M14",172,125,161,117
ProteomeNCI60,"MELAN_MALME3M",174,129,164,120
ProteomeNCI60,"MELAN_SKMEL2",168,124,157,115
ProteomeNCI60,"MELAN_SKMEL28",169,112,164,102
ProteomeNCI60,"MELAN_SKMEL5",173,142,164,127
ProteomeNCI60,"MELAN_UACC257",170,128,160,119
ProteomeNCI60,"MELAN_UACC62",174,132,166,126
ProteomeNCI60,"NSCLC_A549",169,119,155,113
ProteomeNCI60,"NSCLC_EKVX",170,131,163,124
ProteomeNCI60,"NSCLC_H226",176,137,164,119
ProteomeNCI60,"NSCLC_H23",172,141,158,139
ProteomeNCI60,"NSCLC_H322M",168,128,151,117
ProteomeNCI60,"NSCLC_H460",175,143,164,135
ProteomeNCI60,"NSCLC_H522",173,128,156,114
ProteomeNCI60,"NSCLC_HOP62",171,124,164,105
ProteomeNCI60,"NSCLC_HOP92",175,115,166,113
ProteomeNCI60,"OVAR_IGROV1",174,141,150,135
ProteomeNCI60,"OVAR_OVCAR3",162,127,144,119
ProteomeNCI60,"OVAR_OVCAR4",174,132,162,115
ProteomeNCI60,"OVAR_OVCAR5",170,132,159,122
ProteomeNCI60,"OVAR_OVCAR8",173,156,161,148
ProteomeNCI60,"OVAR_SKOV3",171,128,166,121
ProteomeNCI60,"PROSTATE_DU145",174,156,164,151
ProteomeNCI60,"PROSTATE_PC3",172,125,161,116
ProteomeNCI60,"RENAL_7860",165,148,141,143
ProteomeNCI60,"RENAL_A498",173,150,166,132
ProteomeNCI60,"RENAL_ACHN",172,160,163,144
ProteomeNCI60,"RENAL_CAKI1",174,139,164,129
ProteomeNCI60,"RENAL_RXF393",175,157,163,149
ProteomeNCI60,"RENAL_SN12C",168,124,161,120
ProteomeNCI60,"RENAL_TK10",173,149,162,143
ProteomeNCI60,"RENAL_UO31",173,133,161,110
ProteomePatients,"BC1_ERPR",168,136,168,131
ProteomePatients,"BC1_HER2",169,136,165,135
ProteomePatients,"BC1_TN",163,136,166,133
ProteomePatients,"BC2",171,124,170,118
ProteomePatients,"BC3",174,140,169,117
ProteomePatients,"GC",174,117,171,130
ProteomePatients,"Oral_Front",160,81,115,81
ProteomePatients,"Oral_Inner",166,107,134,97
ProteomePatients,"PC_AcinarAdenocarcinoma",178,126,170,133
ProteomePatients,"PC_DuctalAdenocarcinoma",174,122,163,137
TCGA,"D1_AcuteMyeloidLeukemia_AcuteMyeloidLeukemiaNOS",181,146,182,142
TCGA,"D2_AcuteMyeloidLeukemia_notReported",182,156,181,145
TCGA,"D3_AdrenocorticalCarcinoma_AdrenalCorticalCarcinoma",181,147,182,142
TCGA,"D4_BladderUrothelialCarcinoma_CarcinomaNOS",185,160,185,147
TCGA,"D5_BladderUrothelialCarcinoma_PapillaryAdenocarcinomaNOS",176,147,178,141
TCGA,"D6_BladderUrothelialCarcinoma_PapillaryTransitionalCellCarcinom",180,152,183,141
TCGA,"D7_BladderUrothelialCarcinoma_SquamousCellCarcinomaNOS",181,158,181,157
TCGA,"D8_BladderUrothelialCarcinoma_TransitionalCellCarcinoma",181,148,185,139
TCGA,"D9_BrainLowerGradeGlioma_",177,143,181,147
TCGA,"D10_BrainLowerGradeGlioma_AstrocytomaNOS",184,147,185,147
TCGA,"D11_BrainLowerGradeGlioma_AstrocytomaAnaplastic",185,152,186,147
TCGA,"D12_BrainLowerGradeGlioma_MixedGlioma",185,148,186,143
TCGA,"D13_BrainLowerGradeGlioma_OligodendrogliomaNOS",182,149,183,148
TCGA,"D14_BrainLowerGradeGlioma_OligodendrogliomaAnaplastic",184,148,184,143
TCGA,"D15_BreastInvasiveCarcinoma_",184,142,184,136
TCGA,"D16_BreastInvasiveCarcinoma_AdenoidCysticCarcinoma",176,155,179,147
TCGA,"D17_BreastInvasiveCarcinoma_ApocrineAdenocarcinoma",178,144,180,143
TCGA,"D18_BreastInvasiveCarcinoma_BasalCellCarcinomaNOS",184,159,185,150
TCGA,"D19_BreastInvasiveCarcinoma_CarcinomaNOS",184,160,184,154
TCGA,"D20_BreastInvasiveCarcinoma_CribriformCarcinomaNOS",180,152,183,149
TCGA,"D21_BreastInvasiveCarcinoma_InfiltratingDuctAndLobularCarcinoma",186,154,186,150
TCGA,"D22_BreastInvasiveCarcinoma_InfiltratingDuctCarcinomaNOS",182,148,182,144
TCGA,"D23_BreastInvasiveCarcinoma_InfiltratingDuctMixedWithOtherTypes",183,145,182,136
TCGA,"D24_BreastInvasiveCarcinoma_InfiltratingLobularMixedWithOtherTy",182,148,184,145
TCGA,"D25_BreastInvasiveCarcinoma_IntraductalMicropapillaryCarcinoma",185,155,186,139
TCGA,"D26_BreastInvasiveCarcinoma_IntraductalPapillaryAdenocarcinomaW",183,147,183,140
TCGA,"D27_BreastInvasiveCarcinoma_LargeCellNeuroendocrineCarcinoma",183,162,183,157
TCGA,"D28_BreastInvasiveCarcinoma_LobularCarcinomaNOS",183,154,183,143
TCGA,"D29_BreastInvasiveCarcinoma_MedullaryCarcinomaNOS",183,158,184,148
TCGA,"D30_BreastInvasiveCarcinoma_MetaplasticCarcinomaNOS",185,157,187,148
TCGA,"D31_BreastInvasiveCarcinoma_MucinousAdenocarcinoma",184,153,184,141
TCGA,"D32_BreastInvasiveCarcinoma_PagetDiseaseAndInfiltratingDuctCarc",184,153,185,140
TCGA,"D33_BreastInvasiveCarcinoma_PapillaryCarcinomaNOS",179,153,182,142
TCGA,"D34_BreastInvasiveCarcinoma_PhyllodesTumorMalignant",183,150,183,144
TCGA,"D35_BreastInvasiveCarcinoma_PleomorphicCarcinoma",184,147,185,144
TCGA,"D36_BreastInvasiveCarcinoma_SecretoryCarcinomaOfBreast",179,131,182,125
TCGA,"D37_BreastInvasiveCarcinoma_TubularAdenocarcinoma",179,150,182,146
TCGA,"D38_CervicalSquamousCellCarcinomaAndEndocervicalAdenocarcinoma_",185,151,186,148
TCGA,"D39_CervicalSquamousCellCarcinomaAndEndocervicalAdenocarcinoma_",185,160,186,148
TCGA,"D40_CervicalSquamousCellCarcinomaAndEndocervicalAdenocarcinoma_",180,152,181,155
TCGA,"D41_CervicalSquamousCellCarcinomaAndEndocervicalAdenocarcinoma_",181,152,181,153
TCGA,"D42_CervicalSquamousCellCarcinomaAndEndocervicalAdenocarcinoma_",182,153,182,148
TCGA,"D43_CervicalSquamousCellCarcinomaAndEndocervicalAdenocarcinoma_",182,152,183,151
TCGA,"D44_CervicalSquamousCellCarcinomaAndEndocervicalAdenocarcinoma_",181,158,184,159
TCGA,"D45_CervicalSquamousCellCarcinomaAndEndocervicalAdenocarcinoma_",183,158,186,154
TCGA,"D46_CervicalSquamousCellCarcinomaAndEndocervicalAdenocarcinoma_",182,155,185,153
TCGA,"D47_CervicalSquamousCellCarcinomaAndEndocervicalAdenocarcinoma_",182,155,185,151
TCGA,"D48_Cholangiocarcinoma_Cholangiocarcinoma",179,144,182,137
TCGA,"D49_ColonAdenocarcinoma_",180,151,181,144
TCGA,"D50_ColonAdenocarcinoma_AdenocarcinomaNOS",181,146,182,139
TCGA,"D51_ColonAdenocarcinoma_AdenocarcinomaWithMixedSubtypes",178,147,181,142
TCGA,"D52_ColonAdenocarcinoma_AdenocarcinomaWithNeuroendocrineDiffere",185,146,184,141
TCGA,"D53_ColonAdenocarcinoma_AdenosquamousCarcinoma",183,148,183,147
TCGA,"D54_ColonAdenocarcinoma_CarcinomaNOS",180,143,182,140
TCGA,"D55_ColonAdenocarcinoma_MucinousAdenocarcinoma",185,151,185,146
TCGA,"D56_ColonAdenocarcinoma_PapillaryAdenocarcinomaNOS",177,141,180,130
TCGA,"D57_EsophagealCarcinoma_AdenocarcinomaNOS",186,150,185,142
TCGA,"D58_EsophagealCarcinoma_BasaloidSquamousCellCarcinoma",182,160,184,154
TCGA,"D59_EsophagealCarcinoma_MucinousAdenocarcinoma",185,151,187,141
TCGA,"D60_EsophagealCarcinoma_SquamousCellCarcinomaNOS",186,166,186,156
TCGA,"D61_EsophagealCarcinoma_SquamousCellCarcinomaKeratinizingNOS",186,154,186,150
TCGA,"D62_EsophagealCarcinoma_TubularAdenocarcinoma",184,152,182,137
TCGA,"D63_GlioblastomaMultiforme_",185,153,186,153
TCGA,"D64_GlioblastomaMultiforme_Glioblastoma",187,163,186,148
TCGA,"D65_HeadAndNeckSquamousCellCarcinoma_BasaloidSquamousCellCarcin",185,159,186,158
TCGA,"D66_HeadAndNeckSquamousCellCarcinoma_SquamousCellCarcinomaNOS",184,160,185,152
TCGA,"D67_HeadAndNeckSquamousCellCarcinoma_SquamousCellCarcinomaKerat",184,161,185,154
TCGA,"D68_HeadAndNeckSquamousCellCarcinoma_SquamousCellCarcinomaLarge",183,152,184,151
TCGA,"D69_HeadAndNeckSquamousCellCarcinoma_SquamousCellCarcinomaSpind",183,147,184,144
TCGA,"D70_High_RiskWilmsTumor_notReported",184,157,183,153
TCGA,"D71_KidneyChromophobe_RenalCellCarcinomaChromophobeType",181,128,182,121
TCGA,"D72_KidneyRenalClearCellCarcinoma_ClearCellAdenocarcinomaNOS",183,147,185,137
TCGA,"D73_KidneyRenalClearCellCarcinoma_RenalCellCarcinomaNOS",181,134,183,120
TCGA,"D74_KidneyRenalPapillaryCellCarcinoma_PapillaryAdenocarcinomaNO",173,135,179,123
TCGA,"D75_LiverHepatocellularCarcinoma_ClearCellAdenocarcinomaNOS",178,132,178,126
TCGA,"D76_LiverHepatocellularCarcinoma_CombinedHepatocellularCarcinom",178,140,180,133
TCGA,"D77_LiverHepatocellularCarcinoma_HepatocellularCarcinomaNOS",170,92,174,104
TCGA,"D78_LiverHepatocellularCarcinoma_HepatocellularCarcinomaClearCe",162,100,170,105
TCGA,"D79_LiverHepatocellularCarcinoma_HepatocellularCarcinomaFibrola",178,113,179,119
TCGA,"D80_LiverHepatocellularCarcinoma_HepatocellularCarcinomaSpindle",187,153,186,147
TCGA,"D81_LungAdenocarcinoma_AcinarCellCarcinoma",186,152,186,148
TCGA,"D82_LungAdenocarcinoma_AdenocarcinomaNOS",186,157,186,146
TCGA,"D83_LungAdenocarcinoma_AdenocarcinomaWithMixedSubtypes",186,147,186,143
TCGA,"D84_LungAdenocarcinoma_Bronchio_alveolarCarcinomaMucinous",186,149,187,138
TCGA,"D85_LungAdenocarcinoma_Bronchiolo_alveolarAdenocarcinomaNOS",188,153,187,141
TCGA,"D86_LungAdenocarcinoma_Bronchiolo_alveolarCarcinomaNon_mucinous",186,160,187,147
TCGA,"D87_LungAdenocarcinoma_ClearCellAdenocarcinomaNOS",184,151,183,148
TCGA,"D88_LungAdenocarcinoma_MicropapillaryCarcinomaNOS",180,157,181,150
TCGA,"D89_LungAdenocarcinoma_MucinousAdenocarcinoma",184,153,186,141
TCGA,"D90_LungAdenocarcinoma_PapillaryAdenocarcinomaNOS",188,157,188,147
TCGA,"D91_LungAdenocarcinoma_SignetRingCellCarcinoma",182,152,184,150
TCGA,"D92_LungAdenocarcinoma_SolidCarcinomaNOS",186,159,186,148
TCGA,"D93_LungSquamousCellCarcinoma_BasaloidSquamousCellCarcinoma",184,169,186,157
TCGA,"D94_LungSquamousCellCarcinoma_PapillarySquamousCellCarcinoma",183,162,184,161
TCGA,"D95_LungSquamousCellCarcinoma_SquamousCellCarcinomaNOS",184,161,186,157
TCGA,"D96_LungSquamousCellCarcinoma_SquamousCellCarcinomaKeratinizing",184,162,185,154
TCGA,"D97_LungSquamousCellCarcinoma_SquamousCellCarcinomaLargeCellNon",182,160,184,145
TCGA,"D98_LungSquamousCellCarcinoma_SquamousCellCarcinomaSmallCellNon",178,149,179,150
TCGA,"D99_LymphoidNeoplasmDiffuseLargeB_cellLymphoma_MalignantLymphom",180,149,181,143
TCGA,"D100_Mesothelioma_EpithelioidMesotheliomaMalignant",186,168,186,155
TCGA,"D101_Mesothelioma_FibrousMesotheliomaMalignant",185,154,187,147
TCGA,"D102_Mesothelioma_MesotheliomaBiphasicMalignant",186,156,187,155
TCGA,"D103_Mesothelioma_MesotheliomaMalignant",185,159,186,153
TCGA,"D104_Neuroblastoma_notReported",181,157,182,149
TCGA,"D105_OvarianSerousCystadenocarcinoma_PapillarySerousCystadenoca",181,163,181,161
TCGA,"D106_OvarianSerousCystadenocarcinoma_SerousCystadenocarcinomaNO",184,162,183,158
TCGA,"D107_PancreaticAdenocarcinoma_AdenocarcinomaNOS",184,148,186,145
TCGA,"D108_PancreaticAdenocarcinoma_AdenocarcinomaWithMixedSubtypes",183,152,185,145
TCGA,"D109_PancreaticAdenocarcinoma_CarcinomaUndifferentiatedNOS",186,160,188,158
TCGA,"D110_PancreaticAdenocarcinoma_InfiltratingDuctCarcinomaNOS",184,156,186,146
TCGA,"D111_PancreaticAdenocarcinoma_MucinousAdenocarcinoma",185,152,186,144
TCGA,"D112_PancreaticAdenocarcinoma_NeuroendocrineCarcinomaNOS",181,149,182,145
TCGA,"D113_PheochromocytomaAndParaganglioma_Extra_adrenalParagangliom",184,156,183,150
TCGA,"D114_PheochromocytomaAndParaganglioma_Extra_adrenalParagangliom",184,162,184,153
TCGA,"D115_PheochromocytomaAndParaganglioma_ParagangliomaNOS",185,162,185,157
TCGA,"D116_PheochromocytomaAndParaganglioma_ParagangliomaMalignant",181,156,182,148
TCGA,"D117_PheochromocytomaAndParaganglioma_PheochromocytomaNOS",185,158,184,143
TCGA,"D118_PheochromocytomaAndParaganglioma_PheochromocytomaMalignant",186,155,186,149
TCGA,"D119_ProstateAdenocarcinoma_AdenocarcinomaNOS",182,154,182,152
TCGA,"D120_ProstateAdenocarcinoma_AdenocarcinomaWithMixedSubtypes",184,149,184,143
TCGA,"D121_ProstateAdenocarcinoma_InfiltratingDuctCarcinomaNOS",180,149,181,147
TCGA,"D122_ProstateAdenocarcinoma_MucinousAdenocarcinoma",181,153,179,140
TCGA,"D123_RectumAdenocarcinoma_",181,150,181,141
TCGA,"D124_RectumAdenocarcinoma_AdenocarcinomaNOS",181,147,181,146
TCGA,"D125_RectumAdenocarcinoma_AdenocarcinomaInTubolovillousAdenoma",181,141,180,137
TCGA,"D126_RectumAdenocarcinoma_AdenocarcinomaWithMixedSubtypes",186,145,185,138
TCGA,"D127_RectumAdenocarcinoma_MucinousAdenocarcinoma",184,146,183,145
TCGA,"D128_RectumAdenocarcinoma_TubularAdenocarcinoma",182,147,183,141
TCGA,"D129_Sarcoma_AbdominalFibromatosis",184,150,185,138
TCGA,"D130_Sarcoma_AggressiveFibromatosis",186,150,186,146
TCGA,"D131_Sarcoma_DedifferentiatedLiposarcoma",186,160,187,150
TCGA,"D132_Sarcoma_Fibromyxosarcoma",185,160,186,156
TCGA,"D133_Sarcoma_GiantCellSarcoma",187,153,187,157
TCGA,"D134_Sarcoma_LeiomyosarcomaNOS",183,157,184,159
TCGA,"D135_Sarcoma_LiposarcomaWellDifferentiated",182,136,182,121
TCGA,"D136_Sarcoma_MalignantFibrousHistiocytoma",187,154,188,152
TCGA,"D137_Sarcoma_MalignantPeripheralNerveSheathTumor",184,154,186,147
TCGA,"D138_Sarcoma_MyxoidLeiomyosarcoma",180,161,184,157
TCGA,"D139_Sarcoma_PleomorphicLiposarcoma",184,158,186,147
TCGA,"D140_Sarcoma_SynovialSarcomaNOS",185,161,186,158
TCGA,"D141_Sarcoma_SynovialSarcomaBiphasic",182,161,182,157
TCGA,"D142_Sarcoma_SynovialSarcomaSpindleCell",180,154,182,154
TCGA,"D143_Sarcoma_UndifferentiatedSarcoma",187,156,188,150
TCGA,"D144_SkinCutaneousMelanoma_AcralLentiginousMelanomaMalignant",183,148,183,140
TCGA,"D145_SkinCutaneousMelanoma_AmelanoticMelanoma",182,142,182,135
TCGA,"D146_SkinCutaneousMelanoma_EpithelioidCellMelanoma",181,147,181,137
TCGA,"D147_SkinCutaneousMelanoma_LentigoMalignaMelanoma",182,150,182,146
TCGA,"D148_SkinCutaneousMelanoma_MalignantMelanomaNOS",184,150,183,142
TCGA,"D149_SkinCutaneousMelanoma_MixedEpithelioidAndSpindleCellMelano",179,143,180,143
TCGA,"D150_SkinCutaneousMelanoma_NodularMelanoma",180,146,181,140
TCGA,"D151_SkinCutaneousMelanoma_SpindleCellMelanomaNOS",184,153,184,142
TCGA,"D152_SkinCutaneousMelanoma_SuperficialSpreadingMelanoma",184,148,185,137
TCGA,"D153_StomachAdenocarcinoma_AdenocarcinomaNOS",188,146,187,142
TCGA,"D154_StomachAdenocarcinoma_AdenocarcinomaIntestinalType",187,146,184,131
TCGA,"D155_StomachAdenocarcinoma_AdenocarcinomaWithMixedSubtypes",186,147,186,145
TCGA,"D156_StomachAdenocarcinoma_CarcinomaDiffuseType",188,146,187,137
TCGA,"D157_StomachAdenocarcinoma_MucinousAdenocarcinoma",189,142,187,131
TCGA,"D158_StomachAdenocarcinoma_PapillaryAdenocarcinomaNOS",183,146,182,140
TCGA,"D159_StomachAdenocarcinoma_SignetRingCellCarcinoma",189,155,188,144
TCGA,"D160_StomachAdenocarcinoma_TubularAdenocarcinoma",187,144,186,132
TCGA,"D161_TesticularGermCellTumors_",181,154,181,150
TCGA,"D162_TesticularGermCellTumors_EmbryonalCarcinomaNOS",185,154,185,153
TCGA,"D163_TesticularGermCellTumors_MixedGermCellTumor",185,156,185,157
TCGA,"D164_TesticularGermCellTumors_SeminomaNOS",185,154,185,148
TCGA,"D165_TesticularGermCellTumors_Teratocarcinoma",185,155,186,151
TCGA,"D166_TesticularGermCellTumors_TeratomaBenign",179,153,184,153
TCGA,"D167_TesticularGermCellTumors_TeratomaMalignantNOS",182,151,183,152
TCGA,"D168_TesticularGermCellTumors_YolkSacTumor",180,157,181,154
TCGA,"D169_Thymoma_ThymicCarcinomaNOS",183,150,183,146
TCGA,"D170_Thymoma_ThymomaTypeANOS",181,151,181,146
TCGA,"D171_Thymoma_ThymomaTypeAMalignant",182,154,183,147
TCGA,"D172_Thymoma_ThymomaTypeABNOS",181,163,182,158
TCGA,"D173_Thymoma_ThymomaTypeABMalignant",182,157,183,152
TCGA,"D174_Thymoma_ThymomaTypeB1NOS",182,157,183,149
TCGA,"D175_Thymoma_ThymomaTypeB1Malignant",180,160,181,161
TCGA,"D176_Thymoma_ThymomaTypeB2NOS",181,158,182,155
TCGA,"D177_Thymoma_ThymomaTypeB2Malignant",180,158,181,158
TCGA,"D178_Thymoma_ThymomaTypeB3Malignant",179,153,180,146
TCGA,"D179_ThyroidCarcinoma_CarcinomaNOS",178,152,179,152
TCGA,"D180_ThyroidCarcinoma_FollicularAdenocarcinomaNOS",179,146,181,150
TCGA,"D181_ThyroidCarcinoma_FollicularCarcinomaMinimallyInvasive",180,146,182,137
TCGA,"D182_ThyroidCarcinoma_NonencapsulatedSclerosingCarcinoma",184,163,184,153
TCGA,"D183_ThyroidCarcinoma_OxyphilicAdenocarcinoma",177,145,180,138
TCGA,"D184_ThyroidCarcinoma_PapillaryAdenocarcinomaNOS",184,163,185,148
TCGA,"D185_ThyroidCarcinoma_PapillaryCarcinomaColumnarCell",185,159,185,152
TCGA,"D186_ThyroidCarcinoma_PapillaryCarcinomaFollicularVariant",182,147,182,151
TCGA,"D187_UterineCarcinosarcoma_CarcinosarcomaNOS",182,157,182,157
TCGA,"D188_UterineCarcinosarcoma_MesodermalMixedTumor",185,158,184,155
TCGA,"D189_UterineCarcinosarcoma_MullerianMixedTumor",183,156,183,152
TCGA,"D190_UterineCorpusEndometrialCarcinoma_AdenocarcinomaNOS",183,157,184,155
TCGA,"D191_UterineCorpusEndometrialCarcinoma_CarcinomaUndifferentiate",185,151,184,144
TCGA,"D192_UterineCorpusEndometrialCarcinoma_ClearCellAdenocarcinomaN",182,147,182,141
TCGA,"D193_UterineCorpusEndometrialCarcinoma_EndometrioidAdenocarcino",183,150,183,139
TCGA,"D194_UterineCorpusEndometrialCarcinoma_EndometrioidAdenocarcino",185,155,186,149
TCGA,"D195_UterineCorpusEndometrialCarcinoma_PapillarySerousCystadeno",181,148,180,147
TCGA,"D196_UterineCorpusEndometrialCarcinoma_SerousCystadenocarcinoma",182,158,182,151
TCGA,"D197_UterineCorpusEndometrialCarcinoma_SerousSurfacePapillaryCa",179,158,179,155
TCGA,"D198_UvealMelanoma_EpithelioidCellMelanoma",181,142,181,131
TCGA,"D199_UvealMelanoma_MalignantMelanomaNOS",182,146,183,139
TCGA,"D200_UvealMelanoma_MixedEpithelioidAndSpindleCellMelanoma",179,144,180,126
TCGA,"D201_UvealMelanoma_SpindleCellMelanomaNOS",178,145,181,135
TCGA,"D202_UvealMelanoma_SpindleCellMelanomaTypeB",178,142,180,124
